source,subreddit,post_type,category_name,brand_name,signal_date,signal_type,signal_value,signal_unit,text,url,notes
reddit,CleaningTips,post,Household Cleaners (Indoor),Dettol,2023-01-17,mentions,1,count,"A user said neat Dettol removed the cat-wee smell but left the whole house smelling like a hospital and asked how to get rid of the lingering odor.",https://www.reddit.com/r/CleaningTips/comments/10emtbs,High-salience product use with strong negative smell friction
reddit,CleaningTips,post,Household Cleaners (Indoor),Ajax,2024-03-09,mentions,1,count,"Multiple commenters said they still use Ajax regularly, describing the smell as nostalgic and saying they make an exception for it even when they prefer more natural products.",https://www.reddit.com/r/CleaningTips/comments/1ba50a3,Positive affinity and habitual usage language
reddit,CleaningTips,post,Household Cleaners (Indoor),Dettol,2024-01-18,mentions,1,count,"A shopper in New York asked where to find Dettol concentrate, and replies framed it as a known cleaning or first-aid aisle product outside the US.",https://www.reddit.com/r/CleaningTips/comments/199upgm,Salience and availability signal rather than purchase intent
reddit,CleaningTips,post,Household Cleaners (Indoor),Dettol,2022-01-14,mentions,1,count,"A poster worried about getting Dettol droplets on their face while cleaning and described anxiety about the chemical danger and inhalation risk.",https://www.reddit.com/r/CleaningTips/comments/s3rkbx,Chemical risk and safety-oriented negative emotion
reddit,AussieFrugal,comment,Household Cleaners (Indoor),Earth Choice,2023-06-04,mentions,1,count,"An Australian commenter said they recently switched to Earth Choice because it was much cheaper and they were really happy with it.",https://www.reddit.com/r/AussieFrugal/comments/13zyg5x,Value-led positive consideration in an Australian context
reddit,asksg,post,Household Cleaners (Indoor),Dettol,2026-04-11,mentions,1,count,"Several commenters said diluted Dettol works well for mopping floors and cutting grease, but many complained that it makes the house smell like a clinic or hospital.",https://www.reddit.com/r/asksg/comments/1sianmm/dettol/,Mixed signal: efficacy plus strong smell downside
reddit,CleaningTips,post,Household Cleaners (Indoor),Ajax,2024-11-09,mentions,1,count,"A user asked how to spray Ajax powder on walls without wasting it, and a reply simplified Ajax powder as bleach and suggested using liquid bleach instead.",https://www.reddit.com/r/CleaningTips/comments/1gnlgvp,Usage problem and substitution behavior
reddit,CleaningTips,comment,Household Cleaners (Indoor),,2025-07-07,mentions,1,count,"A highly upvoted comment argued that bleach really does kill mold on hard nonporous surfaces and works much faster than vinegar, even if people dislike the smell.",https://www.reddit.com/r/CleaningTips/comments/1lti8lm/bleach_kills_mold/,Category-level cleaning efficacy discussion
reddit,CleaningTips,comment,Household Cleaners (Indoor),,2025-07-07,mentions,1,count,"Another commenter said vinegar is safer but less effective, and that the real issue is porous surfaces where moisture and poor circulation keep mould coming back.",https://www.reddit.com/r/CleaningTips/comments/1lti8lm/bleach_kills_mold/,Category-level advice about porous surfaces and recurrence
reddit,CleaningTips,comment,Household Cleaners (Indoor),,2025-07-07,mentions,1,count,"One user said they use bleach in bathrooms but prefer vinegar on wood or furniture because it is gentler and they prefer the smell.",https://www.reddit.com/r/CleaningTips/comments/1lti8lm/bleach_kills_mold/,Useful split between harsh effectiveness and safer maintenance
reddit,CleaningTips,comment,Household Cleaners (Indoor),,2025-07-07,mentions,1,count,"Another reply framed bleach as best for tubs and tiles while vinegar was framed as more useful for porous items like clothing or wood.",https://www.reddit.com/r/CleaningTips/comments/1lti8lm/bleach_kills_mold/,Strong product-selection language for cleaner use cases
reddit,CleaningTips,comment,Household Cleaners (Indoor),,2024-07-07,mentions,1,count,"A comment citing EPA guidance said bleach can help on hard tiles and tubs but is weak on porous materials where mold can return quickly underneath.",https://www.reddit.com/r/CleaningTips/comments/1dxcy8a/does_bleach_actually_kill_mold/,Category-level caution about overtrusting bleach
reddit,CleaningTips,comment,Household Cleaners (Indoor),,2024-07-07,mentions,1,count,"A different commenter claimed vinegar worked better for recurring black mould on a toilet seat and described bleaching as only making it look gone temporarily.",https://www.reddit.com/r/CleaningTips/comments/1dxcy8a/does_bleach_actually_kill_mold/,Illustrates disagreement and household experimentation
reddit,CleaningTips,post,Household Cleaners (Indoor),,2024-04-08,mentions,1,count,"A user asked whether bleach or vinegar was best for mould that keeps resurfacing, and the thread quickly turned into a myth-correction debate about whether bleach makes mould worse.",https://www.reddit.com/r/CleaningTips/comments/1byu2s6/should_i_use_bleach_or_vinegar_to_remove_mould/,High-intent cleaning recommendation thread
reddit,CleaningTips,comment,Household Cleaners (Indoor),,2024-04-08,mentions,1,count,"One response said the real long-term fix is removing the mould, drying the surface fully and then using anti-mould primer or a dehumidifier to stop it returning.",https://www.reddit.com/r/CleaningTips/comments/1byu2s6/should_i_use_bleach_or_vinegar_to_remove_mould/,Shows prevention and maintenance mindset
reddit,AussieFrugal,comment,Household Cleaners (Indoor),,2023-06-04,mentions,1,count,"An Australian thread on cleaning products included people debating vinegar versus bleach for mould and recommending overnight mould killer spray for bathrooms.",https://www.reddit.com/r/AussieFrugal/comments/13zyg5x/cleaning_product_recommendations/,Australia-specific category chatter
reddit,AussieFrugal,comment,Household Cleaners (Indoor),Earth Choice,2023-11-14,mentions,1,count,"In an Australian laundry thread, a commenter said they had used Earth Choice for years and liked it enough to keep it in the rotation even after price rises.",https://www.reddit.com/r/AussieFrugal/comments/17usc1y/laundry_liquid/,Brand familiarity and repeat use
reddit,CleaningTips,comment,Household Cleaners (Indoor),Dettol,2026-02-08,mentions,1,count,"In a thread about making a house smell like a hospital, a commenter bluntly recommended using Dettol, while others warned that Dettol is a bad idea around pets.",https://www.reddit.com/r/CleaningTips/comments/1qvj6lt/how_do_i_make_my_house_like_a_hospital/,Salience plus pet-safety downside
reddit,CleaningTips,comment,Household Cleaners (Indoor),Dettol,2026-02-05,mentions,1,count,"Another reply in the hospital-smell thread said the smell people associate with hospitals is basically bleach, Lysol and antiseptic disinfectant, and that using enough to smell constantly would be bad for breathing.",https://www.reddit.com/r/CleaningTips/comments/1qvj6lt/how_do_i_make_my_house_like_a_hospital/,Negative respiratory and smell framing
reddit,CleaningTips,comment,Household Cleaners (Indoor),,2023-07-03,mentions,1,count,"A commenter said vinegar is limited as a cleaner and that bleach is what they keep around to remove smells and kill microorganisms on already-clean surfaces.",https://www.reddit.com/r/CleaningTips/comments/14pxh3x/every_article_says_vinegar_bleach_are_interchangeable_so_why_use_bleach/,Category-level rationale for stronger disinfectants
reddit,spotify,post,Audio Content,Spotify,2023-11-20,mentions,1,count,"A Spotify Premium user said the app gave no clear warning about the audiobook cap until playback stopped, and another reply said topping up ten more hours cost about the same as buying the book elsewhere.",https://www.reddit.com/r/spotify/comments/17zatf7/furious_about_spotify_audiobooks/,Strong friction around hidden limits and pricing
reddit,spotify,post,Audio Content,Spotify,2026-04-01,mentions,1,count,"A user said Spotify audiobooks replaced many Audible purchases for them, but replies stressed the fifteen-hour limit and that heavy listeners still need another service.",https://www.reddit.com/r/spotify/comments/1s9mhps/audio_books/,Comparison and switching language with clear usage segmentation
reddit,audiobooks,post,Audio Content,Spotify,2024-02-11,mentions,1,count,"One commenter liked Spotify as an extra benefit, while others complained that the fifteen-hour cap and expensive top-ups made it unusable for long books or repeat listening.",https://www.reddit.com/r/audiobooks/comments/1ao6n2n/spotify_audiobooks_can_we_have_a_talk_about_it/,Balanced mix of positive utility and structural frustration
reddit,audiobooks,post,Audio Content,Spotify,2025-12-14,mentions,1,count,"A casual listener praised Spotify audiobooks as convenient and good for shorter books, while heavy listeners said the monthly cap disappears almost instantly and pushes them back to Audible.",https://www.reddit.com/r/audiobooks/comments/1pmm6fr/spotify_audiobooks/,Useful contrast between casual and power-user intent
reddit,audiobooks,post,Audio Content,Spotify,2025-07-09,mentions,1,count,"A student asked how to bypass Spotify audiobook listening limits, and replies said the cap exists to sell more hours and suggested library apps like Libby instead.",https://www.reddit.com/r/audiobooks/comments/1lvmluf/spotify_audiobook_listening_hours/,Price sensitivity and workaround seeking
reddit,audiobooks,post,Audio Content,Spotify,2025-11-08,mentions,1,count,"Commenters framed Spotify's audiobook hours as bonus content rather than a true audiobook platform and rejected the idea that Premium should imply unlimited listening.",https://www.reddit.com/r/audiobooks/comments/1orv2nn/why_is_there_a_15_hour_limit_on_audiobooks_on/,Debate over value expectations and category positioning
reddit,audible,post,Audio Content,Audible,2025-09-03,mentions,1,count,"An Audible user argued that Spotify is not a game changer because fifteen hours only suits casual listeners, while heavy listeners burn through that time in a day or two.",https://www.reddit.com/r/audible/comments/1n7cyef/is_the_audiobook_feature_on_spotify_a_game/,Competitive framing that favors Audible for heavy usage
reddit,audiobooks,comment,Audio Content,Spotify,2025-12-14,mentions,1,count,"A casual user said Spotify audiobooks were what finally got them to try audiobooks at all because the service felt free enough to experiment with.",https://www.reddit.com/r/audiobooks/comments/1pmm6fr/spotify_audiobooks/,Clear acquisition and trial signal
reddit,audiobooks,comment,Audio Content,Spotify,2025-12-14,mentions,1,count,"Another commenter said their main issue was not the cap itself but that replaying a chapter still burns listening hours, which feels silly for comprehension.",https://www.reddit.com/r/audiobooks/comments/1pmm6fr/spotify_audiobooks/,Re-listening friction
reddit,audiobooks,comment,Audio Content,Spotify,2025-12-15,mentions,1,count,"One reply said Spotify works as a one-book-per-month perk as long as the listener chooses titles that fit under the limit.",https://www.reddit.com/r/audiobooks/comments/1pmm6fr/spotify_audiobooks/,Value-maximization behavior
reddit,audiobooks,comment,Audio Content,Spotify,2025-12-15,mentions,1,count,"Another commenter said they mainly use Spotify for short books or books they cannot easily get elsewhere, while saving Audible credits for more valuable titles.",https://www.reddit.com/r/audiobooks/comments/1pmm6fr/spotify_audiobooks/,Substitution and portfolio behavior
reddit,audiobooks,comment,Audio Content,Spotify,2025-12-17,mentions,1,count,"A heavy audiobook user said Spotify is fine for casual listeners but becomes non-viable as soon as audiobooks are your main reading format.",https://www.reddit.com/r/audiobooks/comments/1pmm6fr/spotify_audiobooks/,Market segmentation by listening intensity
reddit,audiobooks,comment,Audio Content,Spotify,2025-12-18,mentions,1,count,"A translated reply complained that Spotify effectively turned formerly unlimited listening into a low monthly cap plus a paywall for extra hours.",https://www.reddit.com/r/audiobooks/comments/1pmm6fr/spotify_audiobooks/,Strong price and fairness complaint
reddit,audiobooks,comment,Audio Content,Spotify,2025-04-17,mentions,1,count,"A user called the ten-hour Spotify audiobook top-up confusing and overpriced, and another said they time long books around the monthly reset to squeeze more value out of the system.",https://www.reddit.com/r/audiobooks/comments/1k1jcbs/spotify_audiobook_top_up/,Tactical workarounds plus pricing friction
reddit,audiobooks,comment,Audio Content,Spotify,2025-07-10,mentions,1,count,"A reply said they choose books close to fifteen hours or start a seventeen-hour title right before the reset so they can bridge two months.",https://www.reddit.com/r/audiobooks/comments/1lvmluf/spotify_audiobook_listening_hours/,Intentful optimization around limits
reddit,audiobooks,comment,Audio Content,Spotify,2023-11-28,mentions,1,count,"A listener said Spotify cut them off mid-sentence near the end of a book and that the service had never made the listening limit clear up front.",https://www.reddit.com/r/audiobooks/comments/17y9kei/spotify_audiobooks_have_limits_i_learned_the_wrong_way/,Surprise and trust erosion
reddit,audiobooks,comment,Audio Content,Spotify,2024-12-14,mentions,1,count,"One commenter said they bought Spotify audiobook top-ups but still got cut off and ended up disputing the charge because the hour tracking felt unreliable.",https://www.reddit.com/r/audiobooks/comments/17y9kei/spotify_audiobooks_have_limits_i_learned_the_wrong_way/,Billing and tracking distrust
reddit,audiobooks,comment,Audio Content,Spotify,2025-02-02,mentions,1,count,"Another user said they loved a series on Spotify until they hit the cap with only an hour left in the book and then had to wait for the next cycle despite already paying for family premium.",https://www.reddit.com/r/audiobooks/comments/17y9kei/spotify_audiobooks_have_limits_i_learned_the_wrong_way/,Frustration at the exact point of high engagement
reddit,audiobooks,comment,Audio Content,Spotify,2025-05-12,mentions,1,count,"Another listener said faster playback still gets charged as if you listened at regular speed and that customer support was useless when they complained.",https://www.reddit.com/r/audiobooks/comments/1kkr4ef/audiobooks_on_spotify/,Speed-based pricing frustration
reddit,audiobooks,comment,Audio Content,Spotify,2025-10-25,mentions,1,count,"A thread about rewinds framed Spotify's audiobook hour model as an accessibility problem because repetition for focus or comprehension can eat the whole allowance.",https://www.reddit.com/r/audiobooks/comments/1ofrxj6/spotify_rewinding_shouldnt_count_toward_audiobook_hours/,Accessibility and fairness angle
reddit,InstagramMarketing,post,Social Media Platforms,Instagram,2026-02-26,mentions,1,count,"Creators described sharp reach drops on Instagram, unstable reels performance, reduced visibility and a sense that retention, shares and watch time now matter more than follower count.",https://www.reddit.com/r/InstagramMarketing/comments/1rev1fz/whats_going_on_with_instagram_in_2026_algorithm/,Rich algorithm-frustration and creator pain language
reddit,InstagramMarketing,post,Social Media Platforms,Instagram,2026-04-08,mentions,1,count,"A marketer argued that Instagram now runs on multiple ranking systems and that outdated advice about hashtags and timing misses stronger signals like watch time and shares.",https://www.reddit.com/r/InstagramMarketing/comments/1sfzxq6/most_people_misunderstand_the_instagram_algorithm/,Useful salience and interpretation row rather than pure complaint
reddit,Instagram,post,Social Media Platforms,Instagram,2026-04-02,mentions,1,count,"A user said their Explore page had become frustratingly narrow and irrelevant, dominated by local content and recent follows despite attempts to reset it.",https://www.reddit.com/r/Instagram/comments/1sabikg/instagram_algorithm/,Direct end-user dissatisfaction with recommendation quality
reddit,Instagram,post,Social Media Platforms,Instagram,2026-03-19,mentions,1,count,"A social media manager said Instagram's rules seem to change every week, making strategy exhausting and creating the feeling that the platform is optimized more for ad revenue than creator success.",https://www.reddit.com/r/Instagram/comments/1ry4tu0/instagram_algorithm_changes_every_week_and_im/,Creator exhaustion and commercial distrust
reddit,Instagram,post,Social Media Platforms,Instagram,2025-09-23,mentions,1,count,"A business user said Instagram had effectively killed their reach, pushed more ads and made organic performance feel arbitrary even when they had not changed their content.",https://www.reddit.com/r/Instagram/comments/1noolzj/the_algorithm_has_officially_killed_instagram/,Negative attention and pay-to-play perception
reddit,privacy,post,Social Media Platforms,TikTok,2026-01-26,mentions,1,count,"A privacy-focused post argued that TikTok's updated US privacy policy collects far more sensitive data than users realize, including location, identity, drafts, messages and cross-device signals.",https://www.reddit.com/r/privacy/comments/1qnnzrs/if_youre_still_using_tiktok/,High-salience privacy and policy-risk signal
reddit,InstagramMarketing,post,Social Media Platforms,Instagram,2026-04-15,mentions,1,count,"A verified creator with 132K followers said their reach had collapsed from hundreds of thousands per post to a few thousand, with discovery outside followers almost disappearing.",https://www.reddit.com/r/InstagramMarketing/comments/1smjngh/sudden_drop_in_reach_inconsistent_support_answers/,Large-account discovery collapse
reddit,InstagramMarketing,comment,Social Media Platforms,Instagram,2026-04-16,mentions,1,count,"A reply to the 132K-follower thread argued that even if the creator had checked for policy issues, content saturation and the need for more storytelling might now be part of the problem.",https://www.reddit.com/r/InstagramMarketing/comments/1smjngh/sudden_drop_in_reach_inconsistent_support_answers/,Counterpoint that blames creative fatigue rather than only the algorithm
reddit,Instagram,comment,Social Media Platforms,Instagram,2025-09-23,mentions,1,count,"One commenter said their viewers' feeds were now clogged with ads and repetitive content, making Instagram worse both as a creator platform and as a consumer experience.",https://www.reddit.com/r/Instagram/comments/1noolzj/the_algorithm_has_officially_killed_instagram/,Ad load and user-experience complaint
reddit,Instagram,comment,Social Media Platforms,Instagram,2025-09-23,mentions,1,count,"A shop account manager said one trend post briefly exploded to nearly half a million views, but the success did not carry over to later posts unless they chased another trend.",https://www.reddit.com/r/Instagram/comments/1noolzj/the_algorithm_has_officially_killed_instagram/,Volatility and trend dependence
reddit,Instagram,comment,Social Media Platforms,Instagram,2025-09-23,mentions,1,count,"A business-focused commenter said they use Instagram to promote a company rather than get famous, but most posts, reels and stories now fall flat.",https://www.reddit.com/r/Instagram/comments/1noolzj/the_algorithm_has_officially_killed_instagram/,Commercial utility frustration
reddit,Instagram,comment,Social Media Platforms,Instagram,2025-09-23,mentions,1,count,"Another user claimed sharing their own post to Stories gets far fewer views than sharing someone else's post, which made the platform feel intentionally manipulative.",https://www.reddit.com/r/Instagram/comments/1noolzj/the_algorithm_has_officially_killed_instagram/,Distribution distrust
reddit,Instagram,comment,Social Media Platforms,Instagram,2025-09-30,mentions,1,count,"A creator with tens of thousands of followers said likes and views dropped drastically after the repost button was introduced, despite using the same content and schedule.",https://www.reddit.com/r/Instagram/comments/1noolzj/the_algorithm_has_officially_killed_instagram/,Product-change blame and abrupt performance drop
reddit,Instagram,comment,Social Media Platforms,Instagram,2025-10-03,mentions,1,count,"One frustrated creator said Instagram makes people feel they are the problem even when they can still grow organically on YouTube and TikTok but not on Instagram.",https://www.reddit.com/r/Instagram/comments/1noolzj/the_algorithm_has_officially_killed_instagram/,Cross-platform comparison with Instagram as the weak link
reddit,InstagramMarketing,comment,Social Media Platforms,Instagram,2026-04-14,mentions,1,count,"A poster said their engagement drop turned out to be audience mismatch rather than pure algorithm failure because off-topic viral reels pushed the account to the wrong viewers.",https://www.reddit.com/r/InstagramMarketing/comments/1sl1iou/engagement_dropped_60_it_wasnt_the_algorithm/,Nuanced row that challenges the dominant complaint narrative
reddit,InstagramMarketing,comment,Social Media Platforms,Instagram,2026-04-14,mentions,1,count,"Replies in that thread argued that going viral off-topic can actively hurt account quality and that the fix is returning to consistent niche content so the system can relearn the audience.",https://www.reddit.com/r/InstagramMarketing/comments/1sl1iou/engagement_dropped_60_it_wasnt_the_algorithm/,Useful explanation of recalibration
reddit,InstagramMarketing,post,Social Media Platforms,Instagram,2024-03-12,mentions,1,count,"A 54K-follower creator said reels that used to do hundreds of thousands or millions of views suddenly dropped to five or eight thousand with stories collapsing as well.",https://www.reddit.com/r/InstagramMarketing/comments/1bcsc7e/massive_drop_in_reach_and_engagement/,Older but strong evidence of sudden reach collapse
reddit,InstagramMarketing,comment,Social Media Platforms,Instagram,2024-03-13,mentions,1,count,"Replies to the 54K-follower thread said influencer friends saw the same massive drop and that recommendations on the app suddenly felt unrelated to user interests.",https://www.reddit.com/r/InstagramMarketing/comments/1bcsc7e/massive_drop_in_reach_and_engagement/,Consensus effect across creators
reddit,Instagram,post,Social Media Platforms,Instagram,2025-05-08,mentions,1,count,"A creator said newer reels were getting better saves and sends than earlier ones but still fewer views, making Instagram's own engagement feedback feel contradictory.",https://www.reddit.com/r/Instagram/comments/1ki44uv/new_algorithm_tanking_views/,Mismatch between engagement quality and distribution
reddit,TikTok,post,Social Media Platforms,TikTok,2026-01-27,mentions,1,count,"A TikTok policy discussion said the updated privacy language renewed questions about what data the app collects and what the changes actually mean for everyday users and creators.",https://www.reddit.com/r/TikTok/comments/1qoltmo/tiktok_updated_its_privacy_policy_heres_what_it/,Practical policy-awareness row
